cluster,cellular,telephone,unknown
0,61.22699386503068,3.3128834355828225,35.4601226993865
1,68.85940811680665,4.843394300965539,26.297197582227806
2,63.22140442872035,7.14533910351581,29.63325646776384
