cluster,apr,aug,dec,feb,jan,jul,jun,mar,may,nov,oct,sep
0,1.3496932515337423,11.901840490797547,0.0,4.294478527607362,2.208588957055215,26.993865030674847,13.61963190184049,0.0,29.447852760736197,10.061349693251534,0.0,0.1226993865030675
1,7.253316586859252,12.104560797550828,0.5573435905487087,7.269016406311328,4.207551613156449,12.787502943716147,10.463929664808855,1.4522332993170577,33.040270036894576,7.331815684119633,1.8918282439751941,1.6406311327419734
2,6.3082414631834975,14.556022364721862,0.45171683987743627,5.3321540259658216,2.68187130808352,15.93960261553527,12.310073601415167,0.9223868338756042,29.431089490476044,9.331269545440186,1.5699529330006001,1.165618978424993
