silhouette_avg,calinski_harabasz,davies_bouldin,inertia
0.2680239987109184,10120.73070896743,1.2350626412330468,281057.9286220013
