accuracy,precision,recall,f1_score,roc_auc,pr_auc
0.9027977441114674,0.6556521739130434,0.3563327032136106,0.4617268830373546,0.9046256390467474,0.5434237733305618
